Filter,Amplitude_0,A0_err,Amplitude_1,A1_err
0.3,23708.5,391.8821951,7019.85,116.511527
0.6,6625.747487,178.635356,1928.34924,47.87805382
